id;email;nickname;login;password_hash;created_at;modified_at;deleted_at;ban_expired_at
1;lacy.kohler@example.com;teresita.bednar;teresita.bednar1;ba4v1snmo6k;2020-12-19T01:23:17.919;2021-02-15T14:07:07.286;2021-03-18T15:21:57.558;\N
2;dorie.stokes@example.com;dick.skiles;dick.skiles2;su2x1r96yeai;2007-08-03T09:59:27.432;\N;2015-09-28T00:15:30.084;2014-06-19T14:58:09.120
3;nolan.pfannerstill@example.com;charlie.reynolds;charlie.reynolds3;oiqt82zngfc;2004-02-26T19:50:36.833;\N;\N;2011-09-13T10:20:49.867
4;ginette.mclaughlin@example.com;harry.turner;harry.turner4;5yl66x3uoq3;2021-02-05T05:11:04.746;2021-03-25T14:25:00.818;2021-03-30T05:44:53.781;2012-10-14T11:50:37.657
5;halley.schiller@example.com;mavis.bode;mavis.bode5;ipihr68ldy7xx;2004-07-06T21:50:14.767;2018-12-01T18:44:35.868;\N;2008-07-28T12:06:56.871
6;sung.harber@example.com;vena.kulas;vena.kulas6;d6o7acyxq;2001-08-07T01:07:54.923;2005-03-16T15:18:45.996;2019-03-21T01:05:01.365;2003-07-27T04:25:27.754
7;hildegarde.turcotte@example.com;emmaline.baumbach;emmaline.baumbach7;f9u9eibxxdn;2010-04-03T01:05:36.346;\N;2017-01-17T23:17:01.118;2013-07-15T02:49:18.281
8;josef.jast@example.com;derick.leffler;derick.leffler8;n1fx69iozvyk;2020-02-16T11:36:11.957;2020-05-02T01:38:16.948;2021-02-28T01:55:29.969;2007-11-04T03:48:02.399
9;meredith.emard@example.com;soledad.greenholt;soledad.greenholt9;1t7uy1dg0rbk;2009-10-02T12:35:14.778;\N;\N;\N
10;ludie.kihn@example.com;kirstie.wiegand;kirstie.wiegand10;kn7qfo2eqfw7fc;2016-01-27T11:39:12.940;\N;2020-11-20T00:41:55.837;\N
11;alyson.brekke@example.com;elease.reilly;elease.reilly11;kg4k90gl2hhrc;2002-11-24T14:06:08.724;2018-05-19T12:05:26.708;2020-01-26T01:21:31.692;\N
12;leo.hahn@example.com;yong.ondricka;yong.ondricka12;jpnd756qm;2015-09-21T15:44:44.103;\N;2020-12-11T14:06:02.835;\N
13;isis.kling@example.com;carisa.lemke;carisa.lemke13;vc76xu0rn7p;2012-02-08T08:09:29.059;\N;2020-03-23T05:45:06.944;2001-09-11T22:53:52.096
14;darrell.pagac@example.com;ester.marquardt;ester.marquardt14;esa8mir2q;2013-04-29T05:54:00.019;\N;\N;\N
15;loni.swift@example.com;rena.rippin;rena.rippin15;pbrwkqqq1cm321e;2009-02-25T06:08:28.518;2017-03-04T19:49:43.120;2020-11-03T01:17:38.489;2004-04-15T14:25:39.153
16;wally.robel@example.com;herma.schumm;herma.schumm16;nc1abr7kaoozb7;2005-11-12T22:39:43.827;2014-04-22T21:41:41.432;2016-09-27T11:56:39.585;2004-09-24T13:13:24.672
17;nakesha.grimes@example.com;shirleen.monahan;shirleen.monahan17;rs3c9h14l;2014-02-12T02:19:13.412;2014-09-29T03:03:11.143;2018-02-13T13:48:54.704;2004-08-13T05:23:34.066
18;merlin.kohler@example.com;gavin.macgyver;gavin.macgyver18;d6bo6rpe;2016-07-20T14:20:04.515;2018-02-09T13:29:20.042;2020-12-30T17:12:38.449;\N
19;clair.feil@example.com;bertram.collier;bertram.collier19;7aw96xunibk;2017-09-27T01:49:04.103;\N;\N;\N
20;stormy.bergstrom@example.com;augustine.johnston;augustine.johnston20;kf0waz6jugi;2020-05-15T23:58:14.973;2020-07-09T14:17:51.116;2020-07-11T17:09:04.457;\N
21;bryan.little@example.com;dewey.leuschke;dewey.leuschke21;7owpya3v7lvf;2010-03-25T09:08:08.163;\N;2014-04-12T12:25:03.093;2004-05-29T15:31:26.136
22;karoline.reilly@example.com;fletcher.lebsack;fletcher.lebsack22;658tbm481;2021-04-04T09:14:12.408;\N;2021-04-07T03:45:48.315;\N
23;alonzo.gottlieb@example.com;rod.bayer;rod.bayer23;h06qqvivs5z;2008-10-22T17:45:28.695;2011-02-25T07:42:23.355;2019-09-22T14:47:47.445;\N
24;wayne.willms@example.com;darren.wisozk;darren.wisozk24;0unaekqf;2013-10-24T10:40:45.147;2019-02-17T21:48:44.082;\N;\N
25;verline.wunsch@example.com;phyllis.kuhlman;phyllis.kuhlman25;qxlll7xke;2009-09-21T19:59:54.346;\N;2017-10-16T16:13:35.525;2018-09-16T00:21:58.397
26;albertha.volkman@example.com;rosalinda.medhurst;rosalinda.medhurst26;swg38otgtlfj;2019-03-26T11:00:56.092;\N;\N;\N
27;maxwell.lehner@example.com;christel.barton;christel.barton27;p79o1hup8oqtb0;2017-12-03T07:07:34.800;2018-08-12T09:15:49.844;\N;\N
28;tamala.leannon@example.com;dyan.lockman;dyan.lockman28;27m9fs05ypab61w;2019-02-10T06:51:32.068;\N;2020-10-12T01:46:39.495;2005-08-28T07:25:50.804
29;karine.ullrich@example.com;maryalice.balistreri;maryalice.balistreri29;oadthd6na;2003-09-27T22:48:20.720;\N;2021-02-07T17:49:36.418;2001-05-22T09:43:16.668
30;linwood.haag@example.com;verna.lueilwitz;verna.lueilwitz30;4sd3nq2w1mqe;2004-12-04T08:13:03.353;2017-09-09T21:26:31.953;\N;\N
31;howard.wunsch@example.com;bethany.lind;bethany.lind31;7ksjr6cksq6v;2002-09-03T13:11:09.368;\N;\N;\N
32;emerson.rempel@example.com;shaun.stracke;shaun.stracke32;6ih8sjei6afkdzb;2007-09-09T02:12:58.958;\N;2020-05-09T03:11:25.163;2009-12-21T08:01:57.374
33;elvina.senger@example.com;clair.murazik;clair.murazik33;7vazb4objizae4;2018-04-01T03:03:43.732;2020-04-28T05:49:29.443;2020-12-01T07:13:47.356;\N
34;selma.kertzmann@example.com;rebecca.okeefe;rebecca.okeefe34;q5fytkr5;2006-11-12T02:10:54.704;2012-12-02T20:01:09.453;2018-09-21T20:24:27.890;\N
35;delinda.fay@example.com;yael.johnson;yael.johnson35;jon356k3p;2007-08-10T07:09:57.932;\N;\N;\N
36;mandy.denesik@example.com;clair.senger;clair.senger36;h7uhbva7u;2011-07-07T05:42:44.455;2015-11-11T22:25:08.693;2016-05-19T11:15:01.278;\N
37;larissa.littel@example.com;dell.harris;dell.harris37;73se4hi85o2o;2017-07-26T17:46:23.665;2019-09-07T12:33:01.757;\N;2019-02-15T08:51:39.489
38;frankie.kulas@example.com;burl.herzog;burl.herzog38;lj09fbmyof;2013-04-03T09:06:04.823;2014-12-14T16:35:37.481;\N;2019-09-19T19:28:59.751
39;tess.corwin@example.com;nannette.green;nannette.green39;x1n092ph;2012-10-13T03:08:29.458;2014-05-29T18:34:44.939;2016-08-09T12:44:10.594;2016-07-02T05:27:45.544
40;elwood.stamm@example.com;russel.torphy;russel.torphy40;vpgju8c8xxxlgcf;2006-03-03T23:48:49.057;2010-01-30T11:03:06.546;2021-03-16T09:27:44.198;2013-12-13T15:10:53.835
41;johnie.spencer@example.com;donny.okeefe;donny.okeefe41;4rrhpntg44;2019-08-27T00:45:47.796;2020-01-26T13:05:51.733;2020-06-02T18:52:31.581;2013-03-13T08:44:09.357
42;geoffrey.johnson@example.com;shu.rosenbaum;shu.rosenbaum42;n4uoaroth;2001-09-12T17:17:32.302;2013-01-20T02:36:48.514;\N;\N
43;francisco.mohr@example.com;nigel.rutherford;nigel.rutherford43;ieub6fz5a4;2010-09-18T20:27:55.596;2017-10-21T14:13:22.657;2019-04-28T18:00:30.563;\N
44;lamont.volkman@example.com;paola.parisian;paola.parisian44;z9lxh7q9m7up8r;2003-03-31T18:43:06.921;\N;\N;\N
45;kathey.parker@example.com;kelsey.stracke;kelsey.stracke45;vpi9l5xtex;2012-03-08T08:09:31.751;\N;\N;2020-06-15T09:31:06.490
46;evalyn.kautzer@example.com;gale.hegmann;gale.hegmann46;ckai1vxph4mxmh;2006-12-03T00:13:57.909;2009-07-05T10:21:58.624;\N;2005-09-21T22:58:18.147
47;cletus.haag@example.com;rosemary.doyle;rosemary.doyle47;ocm3n6jt6317dc;2012-01-06T19:36:14.883;2015-09-29T08:57:21.480;\N;\N
48;merrill.lubowitz@example.com;raleigh.fisher;raleigh.fisher48;bk8yrzrp2;2010-05-20T11:55:00.688;2017-10-06T06:24:18.680;2018-03-06T23:05:04.409;2015-07-08T09:24:46.425
49;marlin.mccullough@example.com;karl.okuneva;karl.okuneva49;8bmq5ytmsfwh;2003-04-10T18:55:22.477;\N;2018-08-21T20:43:18.698;2020-05-01T12:13:45.302
50;lincoln.fahey@example.com;karolyn.batz;karolyn.batz50;lr12jm0n7;2001-11-06T19:57:12.786;\N;\N;2003-02-08T09:53:12.852
